type,slug,title,category,linked_hubs,confidence,sources_count,topics_covered,has_products,product_names
Hub,joint-instability-subluxations,Joint Instability and Subluxations in Hypermobility,Joints & hEDS/HSD,,Medium confidence,5,Why Hypermobile Joints Subluxate Without Warning; Physical Therapy and Strengthening: What Actually Helps Joint Instability; Do Joint Braces Help With Subluxations?,Y,3-Point Products Oval-8 Finger Splints; Bauerfeind GenuTrain Knee Brace; TRIBE Resistance Bands Set
Hub,chronic-migraines-headaches,Chronic Migraines and Headaches in Hypermobility,Headaches & hEDS/HSD,,High confidence,3,How Common Are Migraines in hEDS and Hypermobility?; Migraine Treatments That Target the Cervical-Vascular Link; Do Cervical Pillows Help Hypermobility Headaches?,N,
Hub,chronic-back-pain-spinal-instability,Chronic Back Pain and Spinal Instability in Hypermobility,Back & Spine & hEDS/HSD,,Medium confidence,3,What the Research Says About Back Pain in hEDS/HSD; Core-Stability Physical Therapy for Spinal Instability; Newer Approaches to Hypermobile Spinal Instability,Y,Cushion Lab Extra Dense Lumbar Pillow; Lifepro CosmoPlate Vibration Plate
Hub,fatigue-post-exertional-crash,Fatigue and Post-Exertional Crash in Hypermobility (hEDS/HSD),Fatigue & Energy,,Medium confidence,3,What the Research Says About Post-Exertional Fatigue; Pacing and Energy Management Strategies That Have Been Tested; Other Approaches to Chronic Fatigue in hEDS/HSD; Fatigue-Tracking Tools: What's Actually Verified,Y,Oura Ring 4
Hub,pots-adjacent-dizziness,"POTS, Dizziness, and Orthostatic Intolerance in Hypermobility",Orthostatic Intolerance,,High confidence,3,How Common Is POTS in hEDS and Hypermobility?; Do Compression Garments Help POTS-Related Dizziness?; Other Approaches to Orthostatic Dizziness; Compression Products: What's Actually Been Tested,Y,JOBST Relief 20-30 mmHg Waist-High Compression Stockings
Hub,foot-ankle-instability-gait,Foot and Ankle Instability and Gait Changes in Hypermobility,Feet & Ankles,,High confidence,3,How Hypermobility Changes Gait and Walking Pattern; Balance Training for Hypermobile Ankle Instability; Footwear for Hypermobile Feet: Guidance vs. Evidence; Do Orthotics and Ankle Braces Help Hypermobility?,Y,Brooks Adrenaline GTS 25 (stability running shoe)
Hub,digestive-issues-gi-dysmotility,"Bloating, Reflux, and Gut Motility in hEDS/HSD",Digestive Symptoms,,High confidence,3,How Common Are GI Symptoms in hEDS/HSD?; What GI Motility Testing Shows in Hypermobility; Dietary and Motility Approaches for Hypermobile GI Symptoms,N,
Hub,skin-fragility-easy-bruising,Skin Fragility and Easy Bruising in hEDS/HSD,Skin & Wound Care,,Medium confidence,2,"What the Research Says About Skin Fragility in hEDS; Daily Skin Care for Fragile, Easily-Bruised Skin; Wound Care and Injury Prevention in hEDS/HSD; Piezogenic Papules: A Specific, Measurable Skin Sign",N,
Hub,anxiety-mood-dysautonomia-linked,"Anxiety, Mood, and the Autonomic Nervous System in hEDS/HSD",Anxiety & Mood,,Medium confidence,2,"The Link Between Anxiety and Dysautonomia in Hypermobility; Correcting a Common Anxiety-Hypermobility Statistic; Treating Anxiety as a Physical, Not Just Mental, Symptom",N,
Hub,neck-instability-cervical-pain,Neck Instability and Cervical Pain in Hypermobility (hEDS/HSD),Neck & hEDS/HSD,,Emerging / limited,5,What the Research Says About Cervical Instability; Craniocervical Instability: A Safety Warning; Do Cervical Collars Help Neck Instability?,N,
Hub,chronic-widespread-pain-central-sensitization,Chronic Widespread Pain and Central Sensitization in Hypermobility,Pain & hEDS/HSD,,High confidence,2,How Common Is Central Sensitization in hEDS/HSD?; Why Exercise Doesn't Reduce Pain the Usual Way in Hypermobility; Pain Management Approaches Backed by Research,N,
Hub,menstrual-hormonal-health-heavy-bleeding-iron,"Heavy Periods, Iron Deficiency, and Cycle-Linked Joint Pain in Hypermobility",Menstrual & Hormonal Health,,Medium confidence,5,Heavy Menstrual Bleeding and Iron Deficiency in hEDS; Where the Hormone-Hypermobility Evidence Is Weaker; Cycle-Linked Joint Laxity and Menopause: Fact vs. Myth,N,
Hub,pregnancy-pelvic-girdle-pain-postpartum,"Pregnancy, Pelvic Girdle Pain, and Postpartum Joint Instability",Pregnancy & Postpartum,,High confidence,3,How much does hypermobility raise the risk of pelvic girdle pain?; Body weight changes the picture; Delivery mode has no consensus,N,
Hub,pelvic-organ-prolapse,Pelvic Organ Prolapse and hEDS/Hypermobility: What the Research Shows,Pelvic Health,,Emerging / limited,2,Does Hypermobility Cause Pelvic Organ Prolapse? The Original Study; A Newer Review Challenges the No-Link Finding; What's Resolved and What's Still Unclear,N,
Hub,heds-pots-mcas-trifecta,"The hEDS-POTS-MCAS ""Trifecta"" Claim, Examined",Comorbidities,,Medium confidence,3,Is the hEDS-POTS-MCAS Trifecta Real? What Survey Data Shows; Where the Trifecta Claim Outruns the Evidence; So Is the Trifecta Real or Not?,N,
Hub,sleep-disruption-non-restorative-sleep,Sleep Disruption and Non-Restorative Sleep in Hypermobility (hEDS/HSD),Sleep & hEDS/HSD,,Medium confidence,3,What Actually Disrupts Sleep in hEDS/HSD; Does CPAP Actually Help Sleep Apnea in hEDS/HSD?,N,
Hub,adhd-autism-hypermobility-link,"The Link Between ADHD, Autism, and Hypermobility",Neurodivergence & hEDS/HSD,,Medium confidence,1,"How Common Is Hypermobility in Autism, ADHD, and Tourette's?; Why Hypermobility, Dysautonomia, and Neurodivergence Show Up Together",N,
Hub,fibromyalgia-hypermobility-overlap-misdiagnosis,"Fibromyalgia and Hypermobility: Overlap, Not Just Misdiagnosis",Fibromyalgia & hEDS/HSD,,Medium confidence,1,How Often Do Fibromyalgia and hEDS/HSD Co-Occur?; What Actually Separates the Two Conditions?,N,
Hub,urinary-fecal-incontinence-hypermobility,Urinary and Fecal Incontinence in Hypermobility (hEDS/HSD),Bladder & Bowel & hEDS/HSD,,Medium confidence,1,How Common Is Incontinence in Hypermobility Syndromes?,N,
Hub,eye-vision-signs-hypermobility,Eye and Vision Signs in Hypermobility (hEDS),Eyes & Vision & hEDS/HSD,,Medium confidence,1,How Common Are Eye Problems in EDS?; Two Rare Eye Conditions With Dramatically Higher Odds in EDS,N,
Hub,asthma-allergies-airway-hypermobility,"Asthma, Allergies, and Airway Problems in Hypermobility",Asthma & Allergies & hEDS/HSD,,Medium confidence,1,How Common Are Asthma and Allergies in Hypermobility Syndromes?; Why Airways Themselves May Be Part of the Problem,N,
Hub,heart-valve-cardiac-signs-hypermobility,Heart Valve and Cardiac Signs in Hypermobility: What the Data Actually Shows,Heart & hEDS/HSD,,Medium confidence,2,"How Common Are Real Heart Defects in hEDS/HSD?; Symptoms Are Common, Structural Defects Are Not - Both Are Real",N,
Hub,brain-fog-cognitive-symptoms-hypermobility,Brain Fog and Cognitive Symptoms in Hypermobility,Brain Fog & hEDS/HSD,,Medium confidence,1,"How Common Is Brain Fog in hEDS/HSD, and What's Driving It?",N,
Hub,depression-hypermobility-heds-hsd,"Depression in Hypermobility: Distinct From Anxiety, Often Overlooked",Depression & hEDS/HSD,,Medium confidence,1,How Common Is Depression in HSD/hEDS?,N,
Hub,early-osteoarthritis-hypermobility,Early Osteoarthritis in Hypermobility (hEDS/HSD),Osteoarthritis & hEDS/HSD,,Medium confidence,1,How Common Is Early Osteoarthritis in hEDS/HSD?,N,
Hub,osteopenia-low-bone-density-hypermobility,Osteopenia and Low Bone Density in Hypermobility,Bone Density & hEDS/HSD,,Medium confidence,1,"How Common Is Osteopenia in hEDS/HSD, and Who Is Affected?",N,
Hub,disc-herniation-hypermobility,Disc Herniation and Protrusion in Hypermobility,Spine & hEDS/HSD,,Medium confidence,1,How Common Is Disc Herniation in hEDS/HSD?,N,
Hub,pregnancy-birth-complications-hypermobility,Pregnancy and Birth Complications in Hypermobility (hEDS/HSD),Pregnancy & Birth & hEDS/HSD,,Medium confidence,1,What Actually Happens More Often During Pregnancy and Birth; What This Study Did NOT Find - Correcting Two Common Assumptions,N,
Hub,pain-treatments-actually-used-hypermobility,"What Pain Treatments Are hEDS/HSD Patients Actually Using, and Do They Work?",Pain Treatment & hEDS/HSD,,Medium confidence,1,What hEDS/HSD Patients Are Actually Prescribed and Trying; The Uncomfortable Finding: Most of This Doesn't Actually Work,N,
Hub,irritable-bowel-syndrome-ibs-hypermobility,Irritable Bowel Syndrome (IBS) and Hypermobility,IBS & hEDS/HSD,,Medium confidence,1,How Much More Common Is IBS in Hypermobile People?,N,
Tool,beighton-score-self-assessment,The Beighton Score: Hypermobility Self-Assessment Test,Self-Assessment Tool,,High confidence,4,The Five Beighton Score Maneuvers; Beighton Score Thresholds by Age; What If Your Beighton Score Used to Be Higher?,N,
Spoke,keratosis-pilaris-hypermobility,Is Keratosis Pilaris ('Chicken Skin') Linked to Hypermobility?,Skin & hEDS/HSD,Skin Fragility and Easy Bruising in hEDS/HSD,,1,The Hypermobility Link Behind Keratosis Pilaris,N,
Spoke,dizzy-standing-not-pots-orthostatic-intolerance,"I Get Dizzy Standing Up, But It's Not POTS - What Else Could It Be?",POTS & hEDS/HSD,"POTS, Dizziness, and Orthostatic Intolerance in Hypermobility",,1,"POTS Is Common, But It's Not the Only Orthostatic Pattern in hEDS/HSD",N,
Spoke,swallowing-difficulty-hoarse-voice-hypermobility,Why Do I Have Trouble Swallowing or a Hoarse Voice?,Throat & Voice & hEDS/HSD,"Bloating, Reflux, and Gut Motility in hEDS/HSD",,1,The Hypermobility Link Behind Swallowing and Voice Problems,N,
Spoke,tendinitis-bursitis-plantar-fasciitis-hypermobility,"Why Do I Keep Getting Tendinitis, Bursitis, or Plantar Fasciitis?",Soft Tissue Pain & hEDS/HSD,Joint Instability and Subluxations in Hypermobility,,1,The Hypermobility Link Behind Recurring Soft-Tissue Injuries,Y,TRIBE Resistance Bands Set
Spoke,muscle-cramps-weakness-hypermobility,"Why Do I Get So Many Muscle Cramps, and Why Do My Muscles Feel Weak?",Muscles & hEDS/HSD,Joint Instability and Subluxations in Hypermobility,,1,The Hypermobility Link Behind Muscle Cramps and Hypotonia,Y,TRIBE Resistance Bands Set
Spoke,celiac-disease-hypermobility-link,Is There a Link Between Celiac Disease and Hypermobility?,Celiac Disease & hEDS/HSD,"Bloating, Reflux, and Gut Motility in hEDS/HSD",,1,The Hypermobility Link Behind Celiac Disease,N,
Spoke,tension-headaches-that-wont-go-away,Tension headaches that won't go away,Headaches,Neck Instability and Cervical Pain in Hypermobility (hEDS/HSD); Chronic Migraines and Headaches in Hypermobility,,4,The Hypermobility Link Behind Chronic Tension Headaches,N,
Spoke,why-do-i-bruise-so-easily,Why do I bruise so easily,Skin & bruising,Skin Fragility and Easy Bruising in hEDS/HSD,,2,The Hypermobility Link Behind Easy Bruising,N,
Spoke,why-do-i-feel-dizzy-when-i-stand-up,Why do I feel dizzy when I stand up,Dizziness,"POTS, Dizziness, and Orthostatic Intolerance in Hypermobility",,2,The Hypermobility Link Behind Standing Dizziness (POTS),Y,JOBST Relief 20-30 mmHg Waist-High Compression Stockings
Spoke,chronic-fatigue-that-doesnt-improve-with-rest,Chronic fatigue that doesn't improve with rest,Fatigue,Fatigue and Post-Exertional Crash in Hypermobility (hEDS/HSD),,2,The Hypermobility Link Behind Rest-Resistant Fatigue,N,
Spoke,why-do-i-keep-spraining-the-same-ankle,Why do I keep spraining the same ankle,Foot and ankle,Foot and Ankle Instability and Gait Changes in Hypermobility,,2,The Hypermobility Link Behind Repeated Ankle Sprains,Y,Brooks Adrenaline GTS 25 (stability running shoe)
Spoke,why-dont-my-pain-medications-work,Why don't my pain medications work like they're supposed to,Pain,Chronic Widespread Pain and Central Sensitization in Hypermobility,,2,The Hypermobility Link Behind Pain Medication Not Working,N,
Spoke,anxiety-that-doesnt-respond-to-treatment,Anxiety that doesn't respond to treatment the way it should,Anxiety and mood,"Anxiety, Mood, and the Autonomic Nervous System in hEDS/HSD",,1,The Hypermobility Link Behind Treatment-Resistant Anxiety,N,
Spoke,pelvic-pressure-or-bulging-feeling,Pelvic pressure or a bulging feeling that won't go away,Pelvic health,Pelvic Organ Prolapse and hEDS/Hypermobility: What the Research Shows,,2,"The Hypermobility Link Behind Pelvic Pressure, and a Research Disagreement",N,
Spoke,why-are-my-periods-so-heavy,Why Are My Periods So Heavy?,Menstrual Health,"Heavy Periods, Iron Deficiency, and Cycle-Linked Joint Pain in Hypermobility",,3,The Hypermobility Link Behind Heavy Periods,N,
Spoke,always-been-double-jointed-is-that-real,Always Been Double-Jointed? Here's What That Actually Means,Hypermobility Basics,The Beighton Score: Hypermobility Self-Assessment Test; Joint Instability and Subluxations in Hypermobility,,1,The Beighton Score: How Double-Jointedness Is Actually Measured,N,
Spoke,jaw-pain-tmj-hypermobility,Why does my jaw hurt all the time?,Jaw and Mouth,Joint Instability and Subluxations in Hypermobility; Chronic Migraines and Headaches in Hypermobility,,3,The Hypermobility Link Behind TMJ and Jaw Pain,N,
Spoke,child-growing-pains-hypermobility,"My child has ""growing pains"" that won't stop",For Parents,Joint Instability and Subluxations in Hypermobility; The Beighton Score: Hypermobility Self-Assessment Test,,3,The Hypermobility Link Behind Childhood Growing Pains,N,
Spoke,high-palate-crowded-teeth-hypermobility,Why do I have a high palate or crowded teeth?,Dental and Facial,The Beighton Score: Hypermobility Self-Assessment Test,,2,Why a High Palate Is Part of the hEDS Diagnostic Criteria,N,
Spoke,unexplained-stretch-marks-hypermobility,Unexplained stretch marks with no weight change,Skin,Skin Fragility and Easy Bruising in hEDS/HSD,,1,Stretch Marks as a Recognized Sign of Hypermobility,N,
Spoke,early-varicose-veins-hypermobility,Varicose veins showing up earlier than expected,Circulation,Joint Instability and Subluxations in Hypermobility,,2,What the Evidence Shows About Hypermobility and Varicose Veins; Vein Fragility vs. Varicose Veins: The Distinction That Matters,N,
Spoke,why-does-my-ear-feel-blocked-or-plugged,Why Does My Ear Feel Blocked or Plugged So Often?,Ears & hEDS/HSD,"Asthma, Allergies, and Airway Problems in Hypermobility",,1,"The Hypermobility Link Behind Blocked, Plugged Ears",N,
Spoke,recurrent-hernias-and-hypermobility,Why Do I Keep Getting Hernias?,Hernias & hEDS/HSD,Joint Instability and Subluxations in Hypermobility,,1,The Hypermobility Link Behind Recurrent Hernias,N,
Spoke,cold-discolored-hands-feet-raynauds-hypermobility,"Why Do My Hands and Feet Turn Cold, White, or Blue?",Circulation & hEDS/HSD,"POTS, Dizziness, and Orthostatic Intolerance in Hypermobility",,1,The Hypermobility Link Behind Raynaud's and Circulation Changes,N,
Spoke,local-anesthetic-doesnt-work-dentist-hypermobility,Why Doesn't Local Anesthetic Work on Me at the Dentist?,Dental & hEDS/HSD,"What Pain Treatments Are hEDS/HSD Patients Actually Using, and Do They Work?",,1,The Hypermobility Link Behind Local Anesthetic Resistance,N,
Spoke,blue-tinted-eye-whites-hypermobility,Why Are the Whites of My Eyes Slightly Blue?,Eyes & hEDS/HSD,Eye and Vision Signs in Hypermobility (hEDS),,1,The Hypermobility Link Behind Light Blue Sclerae,N,
Spoke,numb-tingling-hands-ulnar-nerve-hypermobility,Why Do My Hands Go Numb or Tingly All the Time?,Nerves & hEDS/HSD,Neck Instability and Cervical Pain in Hypermobility (hEDS/HSD),,1,"The Hypermobility Link Behind Numb, Tingling Hands",N,
Spoke,gum-recession-inflammation-hypermobility,Why Do My Gums Bleed or Recede So Easily?,Dental & hEDS/HSD,Skin Fragility and Easy Bruising in hEDS/HSD,,1,The Hypermobility Link Behind Gum Inflammation and Recession,N,
Spoke,elongated-uvula-hypermobility,Why Is My Uvula Elongated or Oddly Shaped?,Mouth & Throat & hEDS/HSD,Skin Fragility and Easy Bruising in hEDS/HSD,,1,The Hypermobility Link Behind Uvula Abnormalities,N,
Spoke,scoliosis-spine-curvature-hypermobility,Is Scoliosis Common in Hypermobility?,Spine & hEDS/HSD,Chronic Back Pain and Spinal Instability in Hypermobility,,1,The Hypermobility Link Behind Scoliosis,N,
